"time","mass.s"
0,1
0.005,0.9999950531511003
0.01,0.9999802663393856
0.015,0.9999556977485007
0.02,0.9999214923346054
0.025,0.9998776189111606
0.03,0.9998241077454997
0.035,0.9997611565312938
0.04,0.9996886590480889
0.045,0.9996066797545867
0.05,0.9995154608548603
0.055,0.9994148642507742
0.06,0.9993049798916585
0.065,0.9991860206418108
0.07,0.9990578557877405
0.075,0.998920559963109
0.08,0.9987743014851653
0.085,0.9986190690256869
0.09,0.9984549161708077
0.095,0.9982818965066622
0.1,0.9981000636193842
0.105,0.9979094969381382
0.11,0.9977102642644113
0.115,0.9975024087404807
0.12,0.997285988558306
0.125,0.9970610619098473
0.13,0.996827686987065
0.135,0.9965859293340442
0.14,0.9963358468689455
0.145,0.9960774963581723
0.15,0.9958109367410106
0.155,0.9955362269567458
0.16,0.9952534259446637
0.165,0.9949625622296938
0.17,0.994663705709625
0.175,0.9943569159502189
0.18,0.9940422494533127
0.185,0.9937197627207446
0.19,0.9933895104189929
0.195,0.9930515027693274
0.2,0.9927058210702837
0.205,0.9923525184372681
0.21,0.9919916479856874
0.215,0.9916232628309481
0.22,0.9912474107908549
0.225,0.9908641198352904
0.23,0.9904734530766558
0.235,0.9900754586123945
0.24,0.9896701840605232
0.245,0.9892576765596321
0.25,0.9888379893841801
0.255,0.9884111814423092
0.26,0.9879772933204708
0.265,0.9875363736560046
0.27,0.9870884709282927
0.275,0.9866336334587601
0.28,0.9861719141130414
0.285,0.985703364718257
0.29,0.985228031561117
0.295,0.9847459639675152
0.3,0.9842572112570576
0.305,0.9837618227430603
0.31,0.9832598408697879
0.315,0.9827513134500889
0.32,0.9822362904212051
0.325,0.9817148192974217
0.33,0.9811869474247323
0.335,0.9806527219808403
0.34,0.9801121788688341
0.345,0.9795653666594553
0.35,0.979012331396624
0.355,0.9784531173287501
0.36,0.9778877683328938
0.365,0.9773163279241542
0.37,0.9767388401653967
0.375,0.9761553474543292
0.38,0.9755658923270364
0.385,0.9749705169623145
0.39,0.9743692631816701
0.395,0.9737621747393178
0.4,0.9731493064770932
0.405,0.9725306936945768
0.41,0.9719063793916006
0.415,0.9712764064606386
0.42,0.9706408176868051
0.425,0.9699996557478561
0.43,0.9693529632141881
0.435,0.968700782548839
0.44,0.9680431561074879
0.445,0.9673801261384547
0.45,0.9667117347827008
0.455,0.966038007794797
0.46,0.965358977542382
0.465,0.9646746974303952
0.47,0.9639852068935774
0.475,0.96329054510887
0.48,0.9625907509954157
0.485,0.9618858632145572
0.49,0.9611759201698384
0.495,0.9604609600070042
0.5,0.959741020614
0.505,0.9590161486386247
0.51,0.9582863889138887
0.515,0.9575517704934581
0.52,0.9568123314754812
0.525,0.9560681097742743
0.53,0.9553191431203204
0.535,0.9545654690602705
0.54,0.9538071249569426
0.545,0.953044147989322
0.55,0.9522765751525618
0.555,0.9515044421696618
0.56,0.9507277844279733
0.565,0.9499466395710893
0.57,0.9491610436945486
0.575,0.9483710327006049
0.58,0.9475766422982275
0.585,0.9467779080030998
0.59,0.9459748651376211
0.595,0.9451675488309053
0.6,0.9443559940187811
0.605,0.9435402368232597
0.61,0.9427203139296717
0.615,0.9418962578245648
0.62,0.941068102915147
0.625,0.9402358834297881
0.63,0.9393996334180212
0.635,0.9385593867505408
0.64,0.9377151771192042
0.645,0.9368670380370305
0.65,0.9360150028382019
0.655,0.9351591046780624
0.66,0.9342993765331183
0.665,0.9334358512010384
0.67,0.9325685613006538
0.675,0.9316975392719578
0.68,0.9308228173761058
0.685,0.9299444276954163
0.69,0.9290624021333693
0.695,0.9281767724146075
0.7,0.9272875700849358
0.705,0.9263948265513574
0.71,0.9254985730987684
0.715,0.9245988406365909
0.72,0.923695659998907
0.725,0.92278906184111
0.73,0.9218790766399041
0.735,0.9209657346933052
0.74,0.92004906612064
0.745,0.9191291008625463
0.75,0.9182058686809736
0.755,0.9172793991591826
0.76,0.9163497217017443
0.765,0.9154168655345422
0.77,0.91448085970477
0.775,0.913541733080933
0.78,0.9125995143528478
0.785,0.9116542320316424
0.79,0.9107059144497551
0.795,0.9097545897609365
0.8,0.9088002859402478
0.805,0.907843034862661
0.81,0.9068828839277532
0.815,0.9059198418722213
0.82,0.9049539363849407
0.825,0.9039851949907286
0.83,0.9030136450503425
0.835,0.9020393137604822
0.84,0.9010622281537883
0.845,0.9000824150988429
0.85,0.8990999013001694
0.855,0.8981147132982321
0.86,0.8971268774694374
0.865,0.8961364200261325
0.87,0.8951433670166059
0.875,0.8941477443250879
0.88,0.8931495776717495
0.885,0.8921488926127034
0.89,0.8911457145400035
0.895,0.8901400712151668
0.9,0.889132009840885
0.905,0.8881215358966431
0.91,0.8871086745560075
0.915,0.8860934508429725
0.92,0.8850758896319587
0.925,0.8840560156478137
0.93,0.8830338534658128
0.935,0.8820094275116578
0.94,0.8809827620614777
0.945,0.8799538812418283
0.95,0.8789228090296928
0.955,0.8778895692524812
0.96,0.8768541855880306
0.965,0.8758166815646053
0.97,0.8747770805608962
0.975,0.8737354058060217
0.98,0.8726916803795267
0.985,0.8716459280601253
0.99,0.8705981909963824
0.995,0.8695484757835735
1,0.8684968052638934
1.005,0.8674432021423489
1.01,0.8663876889867602
1.015,0.8653302882277598
1.02,0.864271022158793
1.025,0.863209912936117
1.03,0.8621469825788024
1.035,0.8610822529687319
1.04,0.8600157458506009
1.045,0.8589474828319177
1.05,0.8578774853830029
1.055,0.8568057748369896
1.06,0.8557323723898236
1.065,0.8546572991002633
1.07,0.8535805758898801
1.075,0.8525022235430575
1.08,0.8514222793221338
1.085,0.850340750724237
1.09,0.8492576582018565
1.095,0.8481730222975374
1.1,0.8470868634270153
1.105,0.8459992018792158
1.11,0.8449100578162548
1.115,0.8438194512734384
1.12,0.842727402159263
1.125,0.8416339302554158
1.13,0.8405390552167737
1.135,0.8394427965714043
1.14,0.8383451737205651
1.145,0.8372462059387039
1.15,0.8361459123734594
1.155,0.8350443120456601
1.16,0.8339414238493249
1.165,0.8328372665516627
1.17,0.8317318733494838
1.175,0.8306252523950807
1.18,0.8295174213138569
1.185,0.8284083986528186
1.19,0.8272982028418882
1.195,0.8261868521939028
1.2,0.8250743649046151
1.205,0.8239607590526924
1.21,0.8228460525997182
1.215,0.8217302633901913
1.22,0.8206134091515251
1.225,0.819495507494049
1.23,0.8183765759110071
1.235,0.8172566317785595
1.24,0.8161356923557813
1.245,0.8150137747846627
1.25,0.8138908960901097
1.255,0.812767073179943
1.26,0.8116423358995701
1.265,0.8105166926882997
1.27,0.8093901585737283
1.275,0.8082627502712573
1.28,0.8071344843885701
1.285,0.8060053774256331
1.29,0.8048754457746944
1.295,0.8037447057202848
1.3,0.8026131734392176
1.305,0.8014808650005883
1.31,0.8003477963657746
1.315,0.7992139833884369
1.32,0.7980794418145176
1.325,0.7969441872822419
1.33,0.7958082353221171
1.335,0.7946716013569327
1.34,0.7935343007017609
1.345,0.7923963485639559
1.35,0.7912577685457137
1.355,0.7901185713515602
1.36,0.7889787703556687
1.365,0.7878383806305159
1.37,0.7866974171584005
1.375,0.7855558948318939
1.38,0.7844138284542909
1.385,0.7832712327400602
1.39,0.7821281223152954
1.395,0.7809845117181649
1.4,0.7798404153993629
1.405,0.7786958477225601
1.41,0.7775508229648537
1.415,0.7764053553172189
1.42,0.7752594588849585
1.425,0.7741131476881543
1.43,0.7729664356621169
1.435,0.7718193366578371
1.44,0.7706718644424363
1.445,0.7695240326996161
1.45,0.7683758550301103
1.455,0.7672273449521347
1.46,0.766078515901838
1.465,0.7649293812337516
1.47,0.7637799542212419
1.475,0.7626302480569586
1.48,0.7614802758532871
1.485,0.7603300506427986
1.49,0.7591795853787002
1.495,0.758028892935286
1.5,0.7568779861083872
1.505,0.7557268776158237
1.51,0.7545755800978531
1.515,0.7534241061176228
1.52,0.7522724681616199
1.525,0.7511206786401212
1.53,0.7499687518501538
1.535,0.7488166993092724
1.54,0.7476645324168981
1.545,0.7465122633152806
1.55,0.7453599040740662
1.555,0.7442074666907734
1.56,0.7430549630912701
1.565,0.7419024051302485
1.57,0.7407498045917024
1.575,0.7395971731894015
1.58,0.7384445225673687
1.585,0.7372918643003555
1.59,0.7361392098943186
1.595,0.734986570786895
1.6,0.7338339583478787
1.605,0.7326813838796966
1.61,0.7315288586178839
1.615,0.7303763937315614
1.62,0.7292240003239099
1.625,0.7280716894326474
1.63,0.7269194720305046
1.635,0.7257673590257007
1.64,0.7246153612624202
1.645,0.7234634895212882
1.65,0.7223117545198464
1.655,0.7211601669130293
1.66,0.7200087372936406
1.665,0.7188574761928278
1.67,0.7177063940805603
1.675,0.7165555013661039
1.68,0.7154048083984966
1.685,0.7142543254670263
1.69,0.7131040592606135
1.695,0.7119540064095374
1.7,0.7108041913953371
1.705,0.7096546240905255
1.71,0.7085053143034622
1.715,0.707356271778718
1.72,0.706207506197439
1.725,0.7050590271777113
1.73,0.7039108442749249
1.735,0.7027629669821375
1.74,0.7016154047304399
1.745,0.7004681668893192
1.75,0.6993212627670238
1.755,0.6981747016109272
1.76,0.6970284926078923
1.765,0.6958826448846362
1.77,0.6947371675080937
1.775,0.6935920694857819
1.78,0.692447359766165
1.785,0.6913030472390175
1.79,0.6901591407357891
1.795,0.689015649029969
1.8,0.6878725808374503
1.805,0.6867299448168936
1.81,0.6855877495700918
1.815,0.6844460036423342
1.82,0.6833047155227711
1.825,0.6821638936447774
1.83,0.6810235463863173
1.835,0.6798836820703091
1.84,0.6787443089649877
1.845,0.6776054352842711
1.85,0.676467069188123
1.855,0.6753292157159774
1.86,0.6741918840495174
1.865,0.6730550835077331
1.87,0.6719188219992549
1.875,0.6707831073792317
1.88,0.6696479474496756
1.885,0.6685133499598049
1.89,0.6673793226063898
1.895,0.6662458730340939
1.9,0.6651130088358197
1.905,0.6639807375530522
1.91,0.6628490666762025
1.915,0.661718003644952
1.92,0.6605875558485966
1.925,0.6594577306263896
1.93,0.6583285352678866
1.935,0.6571999770132887
1.94,0.6560720630537874
1.945,0.6549448005319071
1.95,0.65381819654185
1.955,0.6526922581298404
1.96,0.6515669922944671
1.965,0.6504424059870284
1.97,0.6493185061118761
1.975,0.6481952995267589
1.98,0.6470727930431663
1.985,0.6459509934266733
1.99,0.6448299073972826
1.995,0.6437095416297708
2,0.6425898975077454
2.005,0.6414709785156129
2.01,0.6403527977277512
2.015,0.6392353615213088
2.02,0.6381186762256689
2.025,0.6370027481227301
2.03,0.6358875834471842
2.035,0.6347731883867966
2.04,0.6336595690826843
2.045,0.6325467316295943
2.05,0.6314346820761843
2.055,0.6303234264253001
2.06,0.6292129706342557
2.065,0.6281033206151114
2.07,0.6269944822349531
2.075,0.6258864613161715
2.08,0.6247792636367411
2.085,0.6236728949304989
2.09,0.6225673608874234
2.095,0.6214626671539134
2.1,0.6203588193330679
2.105,0.619255822984964
2.11,0.6181536836269363
2.115,0.6170524067338559
2.12,0.6159519977384098
2.125,0.6148524620313786
2.13,0.6137538049619173
2.135,0.6126560318378325
2.14,0.6115591479258627
2.145,0.6104631583985591
2.15,0.6093680682052677
2.155,0.6082738827329811
2.16,0.6071806070836558
2.165,0.606088246319452
2.17,0.6049968054630113
2.175,0.603906289497733
2.18,0.6028167033680525
2.185,0.6017280519797173
2.19,0.6006403402000641
2.195,0.5995535728582961
2.2,0.5984677547457598
2.205,0.5973828906162221
2.21,0.5962989851861479
2.215,0.595216043134976
2.22,0.594134069105397
2.225,0.5930530677036302
2.23,0.5919730434997005
2.235,0.5908940010277153
2.24,0.5898159447861417
2.245,0.5887388792380834
2.25,0.5876628088115582
2.255,0.5865877378997745
2.26,0.5855136708614082
2.265,0.5844406120208802
2.27,0.583368565668634
2.275,0.5822975360614108
2.28,0.5812275274225285
2.285,0.5801585439421575
2.29,0.5790905897775989
2.295,0.5780236618323523
2.3,0.5769577696593188
2.305,0.5758929178775335
2.31,0.5748291104332509
2.315,0.5737663512381825
2.32,0.572704644169727
2.325,0.5716439930711967
2.33,0.5705844017520471
2.335,0.5695258739881019
2.34,0.5684684135217832
2.345,0.5674120240623378
2.35,0.5663567092860663
2.355,0.5653024728365497
2.36,0.5642493183248775
2.365,0.5631972493298762
2.37,0.5621462693983363
2.375,0.56109638204524
2.38,0.56004759075399
2.385,0.558999898976636
2.39,0.5579533101341035
2.395,0.556907827616421
2.4,0.5558634547829483
2.405,0.5548201949626035
2.41,0.5537780514540915
2.415,0.5527370275261317
2.42,0.5516971264176856
2.425,0.5506583513381844
2.43,0.5496207054677573
2.435,0.5485841919574589
2.44,0.5475488139294974
2.445,0.5465145744774617
2.45,0.5454814766665496
2.455,0.5444495235337958
2.46,0.5434187143461517
2.465,0.5423890537768445
2.47,0.5413605461041502
2.475,0.5403331942076907
2.48,0.5393070009383946
2.485,0.5382819691186999
2.49,0.5372581015427542
2.495,0.5362354009766188
2.5,0.5352138701584683
2.505,0.5341935117987944
2.51,0.5331743285806061
2.515,0.5321563231596325
2.52,0.5311394981645253
2.525,0.5301238561970596
2.53,0.5291093998323354
2.535,0.5280961316189809
2.54,0.5270840540793532
2.545,0.5260731697097411
2.55,0.5250634809805658
2.555,0.5240549903365842
2.56,0.5230477001970895
2.565,0.5220416129561134
2.57,0.5210367309826289
2.575,0.5200330566207507
2.58,0.5190305921899381
2.585,0.5180293399851966
2.59,0.5170293022772794
2.595,0.5160304813128903
2.6,0.5150328793148843
2.605,0.5140364984824699
2.61,0.5130413409914115
2.615,0.5120474089942311
2.62,0.5110547046204094
2.625,0.510063226502693
2.63,0.5090729764038758
2.635,0.5080839592827728
2.64,0.5070961771221697
2.645,0.5061096318808792
2.65,0.5051243254939128
2.655,0.5041402598726528
2.66,0.5031574369050259
2.665,0.5021758584556764
2.67,0.5011955263661367
2.675,0.5002164424550026
2.68,0.4992386085181042
2.685,0.4982620263286793
2.69,0.4972866976375461
2.695,0.4963126241732755
2.7,0.4953398076423638
2.705,0.4943682497294062
2.71,0.4933979520972684
2.715,0.4924289163872598
2.72,0.4914611442193063
2.725,0.4904946371921225
2.73,0.4895293968833852
2.735,0.4885654248499052
2.74,0.4876027226278002
2.745,0.4866412917326682
2.75,0.4856811336597592
2.755,0.4847222498841484
2.76,0.4837646418609088
2.765,0.4828083110252838
2.77,0.4818532587928601
2.775,0.4808994865597401
2.78,0.4799469957027148
2.785,0.4789957875794363
2.79,0.4780458616178857
2.795,0.4770972166859512
2.8,0.4761498576722004
2.805,0.4752037858111238
2.81,0.4742590023173041
2.815,0.4733155083855639
2.82,0.4723733051911152
2.825,0.4714323938897081
2.83,0.4704927756177786
2.835,0.4695544514925983
2.84,0.468617422612422
2.845,0.4676816900566372
2.85,0.4667472548859125
2.855,0.4658141181423459
2.86,0.4648822808496137
2.865,0.4639517440131194
2.87,0.4630225086201419
2.875,0.4620945756399847
2.88,0.4611679460241236
2.885,0.4602426207063565
2.89,0.459318600602951
2.895,0.4583958866127941
2.9,0.4574744796175397
2.905,0.4565543804817583
2.91,0.455635590053085
2.915,0.4547181091623682
2.92,0.4538019386238184
2.925,0.452887079235157
2.93,0.4519735317777646
2.935,0.45106129701683
2.94,0.4501503757014982
2.945,0.4492407685650201
2.95,0.4483324763249
2.955,0.4474254990133657
2.96,0.4465198333802533
2.965,0.4456154840458644
2.97,0.4447124516252658
2.975,0.4438107367171456
2.98,0.4429103399039409
2.985,0.4420112617519671
2.99,0.441113502811546
2.995,0.4402170636171347
3,0.4393219446874537
3.005,0.4384281465256159
3.01,0.437535669619255
3.015,0.4366445144406541
3.02,0.4357546814468742
3.025,0.4348661710798826
3.03,0.4339789837666818
3.035,0.4330931199194381
3.04,0.4322085799356098
3.045,0.4313253641980757
3.05,0.4304434730752643
3.055,0.4295629069212816
3.06,0.4286836660760402
3.065,0.4278057508653881
3.07,0.4269291616012358
3.075,0.4260538985816866
3.08,0.4251799620911647
3.085,0.424307352400543
3.09,0.4234360697672723
3.095,0.42256611443551
3.1,0.421697486636248
3.105,0.4208301865874421
3.11,0.41996421449414
3.115,0.4190995705486097
3.12,0.4182362549304687
3.125,0.4173742636589264
3.13,0.4165136002427842
3.135,0.415654265030576
3.14,0.4147962581167908
3.145,0.4139395795827237
3.15,0.4130842294965874
3.155,0.4122302079136231
3.16,0.4113775148762128
3.165,0.4105261504139904
3.17,0.4096761145439525
3.175,0.408827407270571
3.18,0.4079800285859037
3.185,0.4071339784697064
3.19,0.4062892568895436
3.195,0.4054458638009007
3.2,0.4046037991472948
3.205,0.4037630628603869
3.21,0.4029236548600926
3.215,0.4020855750546939
3.22,0.4012488233409507
3.225,0.4004133996042126
3.23,0.3995793037185293
3.235,0.3987465355467631
3.24,0.3979150949406999
3.245,0.3970849817411608
3.25,0.3962561957781132
3.255,0.395428736870783
3.26,0.3946026048277652
3.265,0.3937777994471358
3.27,0.3929543205165635
3.275,0.3921321678134206
3.28,0.3913113411048947
3.285,0.3904918401481002
3.29,0.3896736617010549
3.295,0.3888568070395239
3.3,0.3880412768079718
3.305,0.3872270706916373
3.31,0.3864141883651567
3.315,0.3856026294926592
3.32,0.3847923937278627
3.325,0.3839834807141698
3.33,0.3831758900847633
3.335,0.3823696214627018
3.34,0.3815646744610161
3.345,0.3807610486828037
3.35,0.3799587437213263
3.355,0.3791577591601036
3.36,0.3783580945730106
3.365,0.3775597495243722
3.37,0.37676272356906
3.375,0.3759670162525872
3.38,0.3751726271112045
3.385,0.3743795556719961
3.39,0.3735878014529755
3.395,0.3727973639631806
3.4,0.3720082427027703
3.405,0.3712204371631195
3.41,0.3704339468269153
3.415,0.3696487711682525
3.42,0.3688649096527295
3.425,0.368082361737544
3.43,0.3673011268715883
3.435,0.3665212044955461
3.44,0.3657425940419869
3.445,0.364965294935463
3.45,0.364189306592604
3.455,0.3634146264241306
3.46,0.3626412538598982
3.465,0.3618691897803727
3.47,0.3610984335417532
3.475,0.3603289844918046
3.48,0.3595608419699391
3.485,0.3587940053072977
3.49,0.3580284738268311
3.495,0.3572642468433819
3.5,0.3565013236637651
3.505,0.3557397035868499
3.51,0.354979385903641
3.515,0.3542203698973599
3.52,0.3534626548435265
3.525,0.3527062400100403
3.53,0.3519511246572613
3.535,0.3511973080380923
3.54,0.35044478939806
3.545,0.3496935679753954
3.55,0.3489436430011166
3.555,0.3481950136991093
3.56,0.3474476792862081
3.565,0.3467016389722786
3.57,0.3459568919602979
3.575,0.3452134374464363
3.58,0.3444712746201394
3.585,0.343730402664208
3.59,0.3429908207548808
3.595,0.3422525280619149
3.6,0.3415155237486676
3.605,0.3407798069721776
3.61,0.3400453768832469
3.615,0.3393122326265209
3.62,0.3385803722287899
3.625,0.3378497936804125
3.63,0.3371204979482904
3.635,0.3363924841276418
3.64,0.3356657513070787
3.645,0.3349402985686749
3.65,0.3342161249880358
3.655,0.3334932296343666
3.66,0.3327716115705414
3.665,0.3320512698531726
3.67,0.3313322035326789
3.675,0.3306144116533548
3.68,0.3298978932534392
3.685,0.3291826473651849
3.69,0.3284686730149263
3.695,0.3277559692231496
3.7,0.3270445350045607
3.705,0.3263343693681548
3.71,0.3256254713172848
3.715,0.3249178398497303
3.72,0.3242114739577668
3.725,0.3235063726282342
3.73,0.3228025348426058
3.735,0.3220999595770574
3.74,0.321398645802536
3.745,0.3206985924848286
3.75,0.3199997985846313
3.755,0.3193022630576181
3.76,0.3186059848545099
3.765,0.3179109629211428
3.77,0.3172171961985384
3.775,0.316524683622971
3.78,0.3158334241260374
3.785,0.3151434162131095
3.79,0.3144546568971523
3.795,0.3137671470849521
3.8,0.313080885668777
3.805,0.3123958715358459
3.81,0.3117121035683872
3.815,0.3110295806436971
3.82,0.3103483016341978
3.825,0.3096682654074964
3.83,0.3089894708264431
3.835,0.3083119167491898
3.84,0.3076356020292483
3.845,0.3069605255155488
3.85,0.3062866860524988
3.855,0.3056140824800407
3.86,0.3049427136337113
3.865,0.3042725783446991
3.87,0.3036036754399037
3.875,0.302936003741994
3.88,0.302269562069466
3.885,0.3016043492367023
3.89,0.3009403640540296
3.895,0.300277605327778
3.9,0.2996160718603388
3.905,0.2989557624502231
3.91,0.2982966758921204
3.915,0.2976388109769571
3.92,0.2969821664919546
3.925,0.2963267412206881
3.93,0.2956725339431446
3.935,0.2950195434357824
3.94,0.2943677684715881
3.945,0.2937172078201359
3.95,0.2930678602476461
3.955,0.2924197223085143
3.96,0.2917727946214511
3.965,0.2911270759887348
3.97,0.2904825651452601
3.975,0.2898392608222473
3.98,0.2891971617472928
3.985,0.2885562666444176
3.99,0.287916574234118
3.995,0.2872780832334151
4,0.2866407923559033
4.005,0.2860047003118014
4.01,0.2853698058080013
4.015,0.2847361075481179
4.02,0.2841036042325387
4.025,0.2834722945584734
4.03,0.2828421772200038
4.035,0.2822132509081327
4.04,0.2815855143108346
4.045,0.2809589661131042
4.05,0.2803336049970067
4.055,0.2797094296417275
4.06,0.2790864387236212
4.065,0.2784646309162616
4.07,0.2778440048904919
4.075,0.2772245593144734
4.08,0.2766062928537352
4.085,0.2759892041712245
4.09,0.2753732919273555
4.095,0.2747585547800598
4.1,0.2741449913848352
4.105,0.2735326003947956
4.11,0.2729213804607212
4.115,0.2723113302311071
4.12,0.2717024468310039
4.125,0.2710947297667732
4.13,0.2704881780775925
4.135,0.2698827903872972
4.14,0.2692785653171546
4.145,0.268675501485905
4.15,0.2680735975098043
4.155,0.2674728520026656
4.16,0.266873263575901
4.165,0.266274830838564
4.17,0.2656775523973906
4.175,0.2650814268568424
4.18,0.2644864528191476
4.185,0.263892628884343
4.19,0.2632999536503164
4.195,0.2627084257128485
4.2,0.2621180436656542
4.205,0.2615288061004251
4.21,0.2609407116068712
4.215,0.2603537587727632
4.22,0.2597679461839738
4.225,0.2591832724245198
4.23,0.2585997360766046
4.235,0.2580173357206597
4.24,0.2574360699353864
4.245,0.256855937297798
4.25,0.256276936383262
4.255,0.2556990657655411
4.26,0.2551223240168366
4.265,0.2545467097078289
4.27,0.2539722214077201
4.275,0.2533988576842758
4.28,0.2528266171038678
4.285,0.2522554972381592
4.29,0.2516854967585408
4.295,0.2511166148850821
4.3,0.2505488501649625
4.305,0.2499822011437094
4.31,0.249416666365232
4.315,0.2488522443718576
4.32,0.2482889337043658
4.325,0.2477267329020245
4.33,0.2471656405026241
4.335,0.2466056550425137
4.34,0.2460467750566354
4.345,0.2454889990785598
4.35,0.2449323256405212
4.355,0.2443767532734524
4.36,0.2438222805070206
4.365,0.2432689058696616
4.37,0.2427166278886155
4.375,0.2421654450899619
4.38,0.2416153559986545
4.385,0.2410663591385572
4.39,0.2405184530324782
4.395,0.2399716362022059
4.4,0.2394259071685434
4.405,0.2388812644513445
4.41,0.2383377065695482
4.415,0.2377952320412138
4.42,0.2372538393835565
4.425,0.2367135271129822
4.43,0.2361742937451227
4.435,0.2356361377948709
4.44,0.2350990577764161
4.445,0.2345630522032788
4.45,0.2340281190209259
4.455,0.2334942562821316
4.46,0.2329614633298815
4.465,0.2324297386632677
4.47,0.2318990807804843
4.475,0.2313694881788569
4.48,0.2308409593548712
4.485,0.2303134928042035
4.49,0.2297870870217485
4.495,0.2292617405016497
4.5,0.2287374517373279
4.505,0.2282142192215109
4.51,0.2276920414462627
4.515,0.2271709169030126
4.52,0.2266508440825843
4.525,0.2261318214752259
4.53,0.2256138475706383
4.535,0.2250969208580049
4.54,0.2245810398260205
4.545,0.2240662029629215
4.55,0.2235524087565136
4.555,0.2230396556942026
4.56,0.2225279422630227
4.565,0.2220172669496661
4.57,0.2215076282405123
4.575,0.220999024621657
4.58,0.220491454578942
4.585,0.2199849165979835
4.59,0.2194794091642027
4.595,0.2189749307628537
4.6,0.2184714798790535
4.605,0.2179690549978111
4.61,0.2174676546040568
4.615,0.216967276944884
4.62,0.2164679196546145
4.625,0.215969582141824
4.63,0.2154722628811809
4.635,0.2149759603470776
4.64,0.2144806730136541
4.645,0.213986399354823
4.65,0.2134931378442926
4.655,0.2130008869555929
4.66,0.2125096451620978
4.665,0.212019410937051
4.67,0.2115301827535893
4.675,0.211041959084767
4.68,0.2105547384035806
4.685,0.2100685191829927
4.69,0.2095832998959558
4.695,0.2090990790154376
4.7,0.2086158550144443
4.705,0.2081336263660452
4.71,0.2076523915433971
4.715,0.2071721490197682
4.72,0.2066928972685625
4.725,0.2062146347633443
4.73,0.2057373599778618
4.735,0.2052610713860723
4.74,0.2047857674621654
4.745,0.2043114466805879
4.75,0.203838107516068
4.755,0.2033657484436392
4.76,0.2028943679386648
4.765,0.2024239644768623
4.77,0.2019545365343273
4.775,0.2014860825875577
4.78,0.2010186011134787
4.785,0.2005520894932084
4.79,0.2000865471616125
4.795,0.1996219725898136
4.8,0.1991583642477743
4.805,0.1986957206057108
4.81,0.1982340401341118
4.815,0.1977733213037595
4.82,0.1973135625857493
4.825,0.1968547624515094
4.83,0.1963969193728213
4.835,0.1959400318218397
4.84,0.195484098271112
4.845,0.1950291171935991
4.85,0.1945750870626948
4.855,0.1941220063522459
4.86,0.1936698735365724
4.865,0.1932186870904875
4.87,0.192768445489317
4.875,0.1923191472089202
4.88,0.1918707907257093
4.885,0.1914233745166695
4.89,0.1909768970593789
4.895,0.190531356832029
4.9,0.1900867523134439
4.905,0.1896430819831011
4.91,0.1892003443211508
4.915,0.1887585378084365
4.92,0.1883176609265144
4.925,0.1878777121576738
4.93,0.1874386899849572
4.935,0.1870005928921796
4.94,0.1865634193639495
4.945,0.1861271678856881
4.95,0.185691836197782
4.955,0.1852574232462844
4.96,0.184823927682327
4.965,0.1843913479872129
4.97,0.1839596826429068
4.975,0.1835289301320512
4.98,0.1830990889379828
4.985,0.1826701575447495
4.99,0.1822421344371258
4.995,0.1818150181006298
5,0.1813888070215394
5.005,0.1809634996869083
5.01,0.1805390945845833
5.015,0.1801155902032194
5.02,0.1796929850322973
5.025,0.179271277562139
5.03,0.1788504662839247
5.035,0.1784305496897087
5.04,0.1780115262724361
5.045,0.1775933945259589
5.05,0.1771761529450525
5.055,0.1767598000254322
5.06,0.1763443342637692
5.065,0.1759297541577074
5.07,0.1755160582058794
5.075,0.175103244907923
5.08,0.1746913127644978
5.085,0.1742802602773008
5.09,0.1738700859490837
5.095,0.1734607882836689
5.1,0.1730523657859655
5.105,0.1726448169619861
5.11,0.1722381403188631
5.115,0.1718323338838213
5.12,0.171427396259435
5.125,0.1710233262388998
5.13,0.1706201223275168
5.135,0.1702177830315731
5.14,0.1698163068583549
5.145,0.1694156923161604
5.15,0.1690159379143136
5.155,0.1686170421631774
5.16,0.1682190035741662
5.165,0.1678218206597602
5.17,0.1674254919335177
5.175,0.1670300159100889
5.18,0.1666353911052288
5.185,0.1662416160358106
5.19,0.1658486892198392
5.195,0.1654566091764638
5.2,0.1650653744259915
5.205,0.1646749834899009
5.21,0.1642854348908545
5.215,0.1638967271527126
5.22,0.1635088588005464
5.225,0.1631218283606511
5.23,0.1627356343605591
5.235,0.1623502753290535
5.24,0.161965749796181
5.245,0.1615820562932655
5.25,0.1611991933529209
5.255,0.1608171595090649
5.26,0.1604359532969317
5.265,0.1600555732530853
5.27,0.1596760179154332
5.275,0.1592972858232392
5.28,0.1589193752396323
5.285,0.1585422845340171
5.29,0.1581660126107689
5.295,0.1577905580091981
5.3,0.1574159192698537
5.305,0.1570420949345335
5.31,0.1566690835462945
5.315,0.1562968836494639
5.32,0.1559254937896494
5.325,0.1555549125137496
5.33,0.1551851383699648
5.335,0.1548161699078077
5.34,0.1544480056781134
5.345,0.1540806442330504
5.35,0.1537140841261312
5.355,0.1533483239122226
5.36,0.1529833621475564
5.365,0.1526191973897399
5.37,0.1522558281977665
5.375,0.1518932531320263
5.38,0.1515314707543165
5.385,0.151170479627852
5.39,0.1508102783172763
5.395,0.1504508653886713
5.4,0.1500922394095687
5.405,0.1497343989489601
5.41,0.1493773425773076
5.415,0.1490210688665543
5.42,0.1486655763901351
5.425,0.148310863722987
5.43,0.14795692944156
5.435,0.1476037721238269
5.44,0.1472513903492949
5.445,0.1468997825752425
5.45,0.1465489470291509
5.455,0.1461988826994017
5.46,0.1458495881671012
5.465,0.1455010620147864
5.47,0.1451533028264333
5.475,0.1448063091874656
5.48,0.1444600796847625
5.485,0.1441146129066674
5.49,0.1437699074429959
5.495,0.1434259618850441
5.5,0.1430827748255969
5.505,0.1427403448589367
5.51,0.1423986705808508
5.515,0.1420577505886408
5.52,0.1417175834811298
5.525,0.1413781678586714
5.53,0.1410395023231578
5.535,0.140701585478028
5.54,0.1403644159282763
5.545,0.1400279922804601
5.55,0.1396923131427089
5.555,0.1393573771247319
5.56,0.1390231828378267
5.565,0.1386897288948875
5.57,0.1383570139104135
5.575,0.1380250365005166
5.58,0.1376937952829307
5.585,0.137363288877019
5.59,0.1370335159037828
5.595,0.1367044749858698
5.6,0.1363761647475822
5.605,0.1360485838148851
5.61,0.135721730802837
5.615,0.1353956038705224
5.62,0.1350702020696458
5.625,0.1347455240290259
5.63,0.1344215683790544
5.635,0.1340983337517034
5.64,0.1337758187805307
5.645,0.1334540221006874
5.65,0.1331329423489233
5.655,0.1328125781635937
5.66,0.1324929281846657
5.665,0.1321739910537246
5.67,0.1318557654139803
5.675,0.1315382499102735
5.68,0.1312214431890823
5.685,0.1309053438985283
5.69,0.1305899506883834
5.695,0.1302752622100759
5.7,0.1299612771166967
5.705,0.1296479940630061
5.71,0.1293354117054396
5.715,0.1290235287021151
5.72,0.1287123437128385
5.725,0.1284018553991105
5.73,0.1280920624241327
5.735,0.1277829634528142
5.74,0.127474557151778
5.745,0.1271668421893672
5.75,0.1268598172356513
5.755,0.1265534809624331
5.76,0.1262478320432543
5.765,0.1259428691534025
5.77,0.1256385909699172
5.775,0.1253349961715965
5.78,0.1250320830969048
5.785,0.1247298506541282
5.79,0.1244282975886956
5.795,0.1241274225831517
5.8,0.12382722432172
5.805,0.1235277014903082
5.81,0.1232288527765125
5.815,0.1229306768696225
5.82,0.1226331724606259
5.825,0.1223363382422136
5.83,0.1220401729087839
5.835,0.1217446751564477
5.84,0.1214498436830333
5.845,0.1211556771880909
5.85,0.1208621743728974
5.855,0.1205693339404613
5.86,0.1202771545955275
5.865,0.1199856350445821
5.87,0.1196947739958568
5.875,0.1194045701593341
5.88,0.1191150222467518
5.885,0.118826128971608
5.89,0.1185378890491656
5.895,0.1182503011964572
5.9,0.11796336413229
5.905,0.1176770765772504
5.91,0.1173914372537087
5.915,0.1171064448858242
5.92,0.1168220981995496
5.925,0.1165383959226357
5.93,0.1162553367846369
5.935,0.115972919516915
5.94,0.1156911428526446
5.945,0.1154100053088999
5.95,0.1151295056816183
5.955,0.1148496428226648
5.96,0.1145704154697125
5.965,0.1142918223621773
5.97,0.1140138622412221
5.975,0.1137365338497597
5.98,0.1134598359324563
5.985,0.1131837672357352
5.99,0.1129083265077799
5.995,0.1126335124985376
6,0.1123593239597225
6.005,0.1120857596448197
6.01,0.1118128183090881
6.015,0.1115404987095638
6.02,0.111268799605064
6.025,0.11099771975619
6.03,0.1107272579253308
6.035,0.1104574128766666
6.04,0.1101881833761717
6.045,0.1099195681916186
6.05,0.109651566092581
6.055,0.1093841758504375
6.06,0.1091173962383746
6.065,0.1088512260313906
6.07,0.1085856640062986
6.075,0.1083207089417303
6.08,0.1080563596181391
6.085,0.1077926148178037
6.09,0.1075294733248313
6.095,0.1072669339251615
6.1,0.107004995406569
6.105,0.1067436565586677
6.11,0.1064829160474545
6.115,0.1062227726087428
6.12,0.1059632251829053
6.125,0.1057042725646152
6.13,0.1054459135503242
6.135,0.1051881469382641
6.14,0.1049309715284493
6.145,0.1046743861226795
6.15,0.1044183895245414
6.155,0.1041629805394113
6.16,0.1039081579744574
6.165,0.1036539206386419
6.17,0.1034002673427235
6.175,0.1031471968992596
6.18,0.1028947081226085
6.185,0.1026427998289317
6.19,0.1023914708361963
6.195,0.1021407199641775
6.2,0.1018905460344601
6.205,0.1016409478704418
6.21,0.1013919242973346
6.215,0.1011434741421677
6.22,0.1008955962337896
6.225,0.1006482894028702
6.23,0.1004015524819032
6.235,0.1001553843052086
6.24,0.09990978370893468
6.245,0.09966474953106047
6.25,0.09942028061139799
6.255,0.09917637579159447
6.26,0.09893303391513467
6.265,0.09869025382734327
6.27,0.09844803437538704
6.275,0.09820637432285566
6.28,0.09796527232222188
6.285,0.09772472746431772
6.29,0.09748473860086435
6.295,0.0972453045853414
6.3,0.09700642427298779
6.305,0.09676809652080259
6.31,0.096530320187546
6.315,0.09629309413374006
6.32,0.09605641722166995
6.325,0.09582028831538444
6.33,0.09558470628069707
6.335,0.09534966998518689
6.34,0.09511517829819946
6.345,0.09488123009084778
6.35,0.09464782423601309
6.355,0.0944149596083457
6.36,0.09418263508426628
6.365,0.09395084954196622
6.37,0.09371960186140889
6.375,0.09348889092433045
6.38,0.09325871561424066
6.385,0.09302907481642403
6.39,0.09279996741794035
6.395,0.0925713923076259
6.4,0.09234334837609416
6.405,0.09211583451573699
6.41,0.09188884962072505
6.415,0.0916623925870092
6.42,0.09143646231232098
6.425,0.09121105769617391
6.43,0.09098617763986404
6.435,0.090761821046471
6.44,0.09053798682085896
6.445,0.09031467386967748
6.45,0.09009188110136235
6.455,0.08986960742613651
6.46,0.08964785175601099
6.465,0.08942661300478583
6.47,0.0892058900880509
6.475,0.08898568192318686
6.48,0.08876598742936601
6.485,0.0885468055275533
6.49,0.08832813514050708
6.495,0.08810997519278012
6.5,0.08789232461072036
6.505,0.08767518232247207
6.51,0.08745854725797642
6.515,0.08724241834897266
6.52,0.0870267945289989
6.525,0.08681167473339292
6.53,0.08659705789929334
6.535,0.0863829429656402
6.54,0.08616932887317606
6.545,0.08595621456444683
6.55,0.08574359898380274
6.555,0.08553148107739911
6.56,0.08531985979319735
6.565,0.08510873408096585
6.57,0.08489810289228089
6.575,0.08468796518052747
6.58,0.08447831990090027
6.585,0.08426916601040449
6.59,0.08406050246785689
6.595,0.08385232823388647
6.6,0.08364464227093561
6.605,0.08343744354326073
6.61,0.08323073103155042
6.615,0.08302450369265871
6.62,0.08281876049407691
6.625,0.08261350040738302
6.63,0.08240872240597506
6.635,0.0822044254650719
6.64,0.08200060856171415
6.645,0.08179727067476519
6.65,0.08159441078491192
6.655,0.08139202787466591
6.66,0.08119012092836397
6.665,0.08098868893216939
6.67,0.08078773087407268
6.675,0.08058724574389248
6.68,0.08038723253327663
6.685,0.08018769023570288
6.69,0.07998861784647986
6.695,0.07979001436274816
6.7,0.07959187878348098
6.705,0.07939421010948525
6.71,0.0791970073434024
6.715,0.07900026948970942
6.72,0.07880399555471962
6.725,0.07860818454658362
6.73,0.07841283547529029
6.735,0.07821794735266765
6.74,0.07802351919238373
6.745,0.07782955000994751
6.75,0.07763603882270984
6.755,0.07744298464986436
6.76,0.07725038651244842
6.765,0.07705824343334398
6.77,0.07686655443727854
6.775,0.07667531855082589
6.78,0.07648453480240744
6.785,0.07629420222229263
6.79,0.07610431984260019
6.795,0.07591488669729889
6.8,0.07572590182220849
6.805,0.07553736425500074
6.81,0.07534927303520013
6.815,0.07516162720418491
6.82,0.07497442580518807
6.825,0.07478766788329805
6.83,0.07460135248545986
6.835,0.07441547866047583
6.84,0.07423004545900663
6.845,0.07404505193357219
6.85,0.07386049713855249
6.855,0.07367638013018857
6.86,0.07349269996658354
6.865,0.07330945570770329
6.87,0.07312664641537744
6.875,0.07294427115330045
6.88,0.07276232898703225
6.885,0.0725808189839994
6.89,0.07239974021349585
6.895,0.07221909174668391
6.9,0.07203887265659509
6.905,0.07185908166918813
6.91,0.07167971529899062
6.915,0.07150077530088404
6.92,0.07132226074671223
6.925,0.07114417071001515
6.93,0.07096650426602838
6.935,0.07078926049168228
6.94,0.07061243846560133
6.945,0.07043603726810342
6.95,0.07026005598119907
6.955,0.07008449368859086
6.96,0.06990934947567261
6.965,0.06973462242952869
6.97,0.06956031163893339
6.975,0.06938641619435015
6.98,0.06921293518793083
6.985,0.0690398677135151
6.99,0.06886721286662958
6.995,0.06869496974448731
7,0.06852313744598693
7.005,0.06835171507171198
7.01,0.06818070172393022
7.015,0.06801009650659295
7.02,0.06783989852533424
7.025,0.06767010688747026
7.03,0.06750072070199863
7.035,0.06733173907959754
7.04,0.06716316113262527
7.045,0.06699498597511927
7.05,0.06682721272279564
7.055,0.06665984049304828
7.06,0.06649286840494827
7.065,0.06632629557924309
7.07,0.06616012113835605
7.075,0.06599434420638541
7.08,0.06582896390910378
7.085,0.06566397937395738
7.09,0.06549938973006535
7.095,0.06533519410821907
7.1,0.06517139164088134
7.105,0.06500798146218577
7.11,0.06484496270793616
7.115,0.06468233451560559
7.12,0.06452009602433584
7.125,0.06435824637493663
7.13,0.06419678470988496
7.135,0.06403571017332442
7.14,0.06387502191106441
7.145,0.06371471907057946
7.15,0.06355480080100853
7.155,0.06339526625315439
7.16,0.06323611457948274
7.165,0.06307734493412163
7.17,0.06291895647286073
7.175,0.06276094835315058
7.18,0.06260331973410194
7.185,0.06244606977648503
7.19,0.06228919764272889
7.195,0.06213270249692067
7.2,0.06197658229111156
7.205,0.06182083713587819
7.21,0.06166546636798567
7.215,0.06151046915452463
7.22,0.06135584466417068
7.225,0.06120159206718308
7.23,0.06104771053540344
7.235,0.06089419924225457
7.24,0.06074105736273895
7.245,0.06058828407343759
7.25,0.06043587855250872
7.255,0.06028383997968645
7.26,0.06013216753627953
7.265,0.05998086040517
7.27,0.05982991777081197
7.275,0.05967933881923022
7.28,0.05952912273801907
7.285,0.05937926871634089
7.29,0.05922977594492494
7.295,0.05908064361606605
7.3,0.0589318709236233
7.305,0.05878345706301873
7.31,0.05863540123123611
7.315,0.05848770262681949
7.32,0.05834036044987217
7.325,0.05819337390205512
7.33,0.05804674218658583
7.335,0.05790046450823706
7.34,0.05775454007333541
7.345,0.05760896808976017
7.35,0.05746374776694193
7.355,0.05731887831586129
7.36,0.05717435894904768
7.365,0.05703018888057788
7.37,0.05688636732607487
7.375,0.05674289350270648
7.38,0.05659976662918412
7.385,0.05645698592576148
7.39,0.05631455061423321
7.395,0.05617245991793367
7.4,0.05603071306173554
7.405,0.05588930927204876
7.41,0.05574824777681892
7.415,0.05560752780552618
7.42,0.05546714858918394
7.425,0.05532710936033749
7.43,0.05518740935306277
7.435,0.05504804780296508
7.44,0.05490902394717766
7.445,0.05477033702436068
7.45,0.05463198627469964
7.455,0.05449397093990422
7.46,0.05435629026320697
7.465,0.05421894348936207
7.47,0.05408192986464393
7.475,0.05394524863684595
7.48,0.05380889905527922
7.485,0.05367288037077132
7.49,0.05353719144866914
7.495,0.05340183167030563
7.5,0.05326680050557756
7.505,0.05313209720978548
7.51,0.05299772103970991
7.515,0.05286367125360978
7.52,0.0527299471112209
7.525,0.05259654787375431
7.53,0.05246347280389498
7.535,0.05233072116580002
7.54,0.05219829222509725
7.545,0.05206618524888368
7.55,0.05193439950572391
7.555,0.05180293426564864
7.56,0.0516717888001531
7.565,0.05154096238219549
7.57,0.05141045428619554
7.575,0.05128026378803284
7.58,0.05115039016504534
7.585,0.05102083269602787
7.59,0.05089159066123053
7.595,0.05076266334235716
7.6,0.05063405002256385
7.605,0.05050574998645729
7.61,0.05037776252009341
7.615,0.05025008691097564
7.62,0.05012272244805348
7.625,0.04999566842172096
7.63,0.04986892412381505
7.635,0.04974248884761417
7.64,0.04961636188783662
7.645,0.04949054254063901
7.65,0.0493650301036148
7.655,0.04923982387579273
7.66,0.04911492315763519
7.665,0.04899032725103684
7.67,0.04886603545932289
7.675,0.04874204708724773
7.68,0.04861836144099327
7.685,0.04849497782816744
7.69,0.04837189555780264
7.695,0.04824911394035425
7.7,0.04812663228769902
7.705,0.04800444991313356
7.71,0.04788256613137278
7.715,0.04776098025854836
7.72,0.04763969161220728
7.725,0.04751869951131014
7.73,0.04739800327622968
7.735,0.04727760222874935
7.74,0.04715749569206161
7.745,0.04703768299076642
7.75,0.04691816345086979
7.755,0.04679893639978213
7.76,0.04668000116631678
7.765,0.04656135708068847
7.77,0.04644300347451171
7.775,0.0463249396807993
7.78,0.04620716487636866
7.785,0.04608967829274643
7.79,0.0459724794994121
7.795,0.04585556783390434
7.8,0.04573894263513217
7.805,0.04562260324337315
7.81,0.04550654900027182
7.815,0.04539077924883782
7.82,0.04527529333344433
7.825,0.04516009059982626
7.83,0.04504517039507856
7.835,0.04493053206765454
7.84,0.04481617496736412
7.845,0.04470209844537214
7.85,0.04458830185419669
7.855,0.04447478454770726
7.86,0.04436154588112326
7.865,0.04424858521101207
7.87,0.04413590189528745
7.875,0.04402349529320784
7.88,0.04391136476537462
7.885,0.04379950967373038
7.89,0.04368792938155725
7.895,0.04357662325347516
7.9,0.04346559065544012
7.905,0.04335483095474259
7.91,0.04324434352000566
7.915,0.04313412772118339
7.92,0.04302418292955908
7.925,0.04291450851774361
7.93,0.04280510385967369
7.935,0.04269596833061014
7.94,0.04258710130713617
7.945,0.04247850216715576
7.95,0.0423701702898918
7.955,0.04226210505588453
7.96,0.04215430584698972
7.965,0.04204677204637702
7.97,0.04193950303852818
7.975,0.04183249820923545
7.98,0.04172575694559974
7.985,0.04161927863602908
7.99,0.0415130626702367
7.995,0.04140710843923947
8,0.04130141533535613
8.005,0.04119598275220558
8.01,0.04109081008470526
8.015,0.04098589672906923
8.02,0.04088124208280672
8.025,0.04077684554472018
8.03,0.04067270651490378
8.035,0.04056882439474149
8.04,0.04046519858690558
8.045,0.04036182849535469
8.05,0.04025871352533236
8.055,0.04015585308336516
8.06,0.04005324657726093
8.065,0.03995089341610725
8.07,0.03984879293261605
8.075,0.03974694417392988
8.08,0.03964534695811898
8.085,0.0395440006980504
8.09,0.03944290480783668
8.095,0.03934205870283385
8.1,0.03924146179963971
8.105,0.03914111351609167
8.11,0.03904101327126504
8.115,0.03894116048547092
8.12,0.03884155458025444
8.125,0.03874219497839265
8.13,0.03864308110389274
8.135,0.03854421238199014
8.14,0.03844558823914634
8.145,0.03834720810304735
8.15,0.03824907140260139
8.155,0.03815117756793728
8.16,0.03805352603040225
8.165,0.03795611622256025
8.17,0.03785894757818981
8.175,0.03776201953228227
8.18,0.03766533152103984
8.185,0.03756888298187351
8.19,0.03747267335340138
8.195,0.03737670207544645
8.2,0.03728096858903501
8.205,0.0371854723363944
8.21,0.03709021276095129
8.215,0.03699518930732978
8.22,0.03690040142134916
8.225,0.03680584855002245
8.23,0.03671153014155406
8.235,0.03661744564533818
8.24,0.03652359451195655
8.245,0.03642997619317686
8.25,0.03633659014195049
8.255,0.03624343581241089
8.26,0.03615051265987151
8.265,0.0360578201408237
8.27,0.03596535771293523
8.275,0.03587312483504783
8.28,0.03578112096717576
8.285,0.03568934557050343
8.29,0.03559779810738394
8.295,0.03550647804133666
8.3,0.03541538483704573
8.305,0.03532451796035793
8.31,0.03523387687828065
8.315,0.03514346105898031
8.32,0.03505326997177999
8.325,0.03496330308715791
8.33,0.03487355987674519
8.335,0.03478403981332414
8.34,0.03469474237082627
8.345,0.03460566702433025
8.35,0.03451681325006016
8.355,0.03442818052538342
8.36,0.03433976832880901
8.365,0.03425157583581713
8.37,0.03416360278094063
8.375,0.03407584867192591
8.38,0.03398831299096031
8.385,0.03390099522134638
8.39,0.03381389484749964
8.395,0.03372701135494681
8.4,0.03364034423032344
8.405,0.03355389296137216
8.41,0.03346765703694026
8.415,0.033381635946978
8.42,0.03329582918253618
8.425,0.03321023623576437
8.43,0.0331248565999087
8.435,0.03303968976930976
8.44,0.03295473523940066
8.445,0.03286999250670482
8.45,0.03278546106883409
8.455,0.03270114042448641
8.46,0.03261703007344408
8.465,0.0325331295165714
8.47,0.03244943825581276
8.475,0.03236595579419058
8.48,0.03228268163580311
8.485,0.03219961528582254
8.49,0.0321167562504928
8.495,0.03203410403712759
8.5,0.03195165815410819
8.505,0.03186941811088154
8.51,0.03178738341795814
8.515,0.0317055535869098
8.52,0.03162392813036793
8.525,0.03154250656202102
8.53,0.03146128839661311
8.535,0.03138027314994116
8.54,0.03129946033885345
8.545,0.03121884948124721
8.55,0.03113844009606673
8.555,0.03105823170330126
8.56,0.03097822382398279
8.565,0.03089841598018426
8.57,0.0308188076950172
8.575,0.03073939849262994
8.58,0.0306601878982053
8.585,0.03058117543795871
8.59,0.03050236063913605
8.595,0.03042374303001156
8.6,0.03034532213988589
8.605,0.03026709749908388
8.61,0.03018906863895266
8.615,0.03011123509185942
8.62,0.03003359639118948
8.625,0.02995615207134411
8.63,0.02987890166773857
8.635,0.02980184471680002
8.64,0.02972498075596532
8.645,0.02964830932367919
8.65,0.02957182995939193
8.655,0.02949554224660904
8.66,0.02941944570803165
8.665,0.02934353986652682
8.67,0.02926782426571375
8.675,0.02919229845021028
8.68,0.02911696196563075
8.685,0.02904181435858392
8.69,0.02896685517667109
8.695,0.02889208396848384
8.7,0.02881750028360225
8.705,0.02874310367259257
8.71,0.02866889368700547
8.715,0.02859486987937382
8.72,0.02852103180321061
8.725,0.02844737901300716
8.73,0.02837391106423073
8.735,0.02830062751332285
8.74,0.02822752791769693
8.745,0.02815461183573656
8.75,0.02808187882679312
8.755,0.02800932845118407
8.76,0.02793696027019071
8.765,0.02786477384605615
8.77,0.0277927687419834
8.775,0.02772094452213314
8.78,0.02764930075162191
8.785,0.02757783699651982
8.79,0.02750655282384875
8.795,0.0274354478015801
8.8,0.02736452149863291
8.805,0.02729377348487178
8.81,0.02722320333110474
8.815,0.02715281060908135
8.82,0.02708259489149053
8.825,0.02701255575195865
8.83,0.02694269276504736
8.835,0.02687300550625166
8.84,0.02680349355199784
8.845,0.02673415647964134
8.85,0.02666499386746485
8.855,0.02659600529467618
8.86,0.02652719034140627
8.865,0.02645854858870711
8.87,0.02639007961854976
8.875,0.02632178301382221
8.88,0.02625365835832746
8.885,0.02618570523678143
8.89,0.02611792323481085
8.895,0.02605031193895136
8.9,0.02598287093664534
8.905,0.02591559981623998
8.91,0.02584849816698514
8.915,0.02578156557903142
8.92,0.02571480164342796
8.925,0.02564820595212062
8.93,0.02558177809794978
8.935,0.02551551767464828
8.94,0.02544942427683955
8.945,0.02538349763016578
8.95,0.0253177373826823
8.955,0.02525214297187133
8.96,0.02518671399667986
8.965,0.02512145005695027
8.97,0.02505635075341835
8.975,0.02499141568771153
8.98,0.02492664446234677
8.985,0.02486203668072887
8.99,0.02479759194714835
8.995,0.02473330986677973
9,0.02466919004567943
9.005,0.02460523209078401
9.01,0.02454143560990821
9.015,0.02447780021174296
9.02,0.02441432550585361
9.025,0.02435101110267787
9.03,0.02428785661352402
9.035,0.02422486165056892
9.04,0.02416202582685616
9.045,0.02409934875629404
9.05,0.02403683005365382
9.055,0.02397446933456768
9.06,0.02391226621552681
9.065,0.0238502203138796
9.07,0.0237883312478296
9.075,0.02372659863643373
9.08,0.02366502209960024
9.085,0.0236036012580869
9.09,0.0235423357334991
9.095,0.02348122514828778
9.1,0.02342026912574775
9.105,0.02335946729001553
9.11,0.02329881926606771
9.115,0.02323832467971874
9.12,0.02317798315761931
9.125,0.02311779432725416
9.13,0.02305775781694041
9.135,0.02299787325582554
9.14,0.02293814027388538
9.145,0.02287855850192243
9.15,0.0228191275715637
9.155,0.02275984711525901
9.16,0.0227007167662789
9.165,0.02264173615871288
9.17,0.02258290492746735
9.175,0.02252422270826384
9.18,0.02246568913763704
9.185,0.0224073038529328
9.19,0.02234906649230641
9.195,0.02229097669472047
9.2,0.02223303409994318
9.205,0.02217523834854622
9.21,0.02211758908190306
9.215,0.02206008594218691
9.22,0.02200272857236876
9.225,0.02194551661621565
9.23,0.02188844971828857
9.235,0.02183152758230497
9.24,0.02177475004233631
9.245,0.02171811652067352
9.25,0.02166162666580768
9.255,0.02160528012702933
9.26,0.02154907655442665
9.265,0.02149301559888363
9.27,0.0214370969120784
9.275,0.02138132014648128
9.28,0.02132568495535315
9.285,0.02127019099274356
9.29,0.02121483791348902
9.295,0.02115962537321112
9.3,0.02110455302831483
9.305,0.02104962053598673
9.31,0.02099482755419305
9.315,0.02094017374167815
9.32,0.02088565875796248
9.325,0.02083128226334101
9.33,0.02077704391888122
9.335,0.02072294338642153
9.34,0.02066898032856943
9.345,0.02061515440869958
9.35,0.02056146529095225
9.355,0.02050791264023129
9.36,0.02045449612220257
9.365,0.020401215403292
9.37,0.02034807015068391
9.375,0.02029506003231912
9.38,0.02024218471689325
9.385,0.02018944387385492
9.39,0.02013683717340389
9.395,0.0200843642864894
9.4,0.02003202488480825
9.405,0.01997981864080314
9.41,0.01992774522766076
9.415,0.01987580431931011
9.42,0.01982399559042064
9.425,0.01977231871640052
9.43,0.01972077337339483
9.435,0.01966935923828372
9.44,0.01961807598868074
9.445,0.01956692330293092
9.45,0.01951590086010914
9.455,0.01946500834001817
9.46,0.019414245423187
9.465,0.01936361179086907
9.47,0.01931310712504035
9.475,0.01926273110839773
9.48,0.01921248342435706
9.485,0.01916236375705153
9.49,0.01911237179132972
9.495,0.01906250721275398
9.5,0.01901276970759849
9.505,0.01896315896284759
9.51,0.01891367466619394
9.515,0.0188643165060367
9.52,0.01881508417147986
9.525,0.01876597735233029
9.53,0.01871699597547298
9.535,0.01866813952261458
9.54,0.0186194076770185
9.545,0.01857080013192883
9.55,0.01852231658129612
9.555,0.01847395671977557
9.56,0.01842572024272538
9.565,0.01837760684620512
9.57,0.01832961622697396
9.575,0.0182817480824891
9.58,0.01823400211090392
9.585,0.0181863780110665
9.59,0.01813887548251781
9.595,0.01809149422548999
9.6,0.01804423394090481
9.605,0.01799709433037185
9.61,0.01795007509618691
9.615,0.01790317594133026
9.62,0.01785639656946504
9.625,0.01780973668493543
9.63,0.01776319599276516
9.635,0.01771677419865571
9.64,0.01767047100898458
9.645,0.01762428613080376
9.65,0.01757821927183787
9.655,0.01753227014048268
9.66,0.0174864384458032
9.665,0.01744072389753222
9.67,0.0173951262060684
9.675,0.0173496450824748
9.68,0.0173042802384771
9.685,0.01725903138646185
9.69,0.01721389823947494
9.695,0.01716888051121975
9.7,0.01712397791605565
9.705,0.01707919016899612
9.71,0.01703451698570723
9.715,0.01698995808250589
9.72,0.01694551317635813
9.725,0.01690118198487751
9.73,0.01685696422632332
9.735,0.01681285961959904
9.74,0.0167688678842505
9.745,0.01672498874046434
9.75,0.01668122190906621
9.755,0.01663756711151918
9.76,0.01659402406992201
9.765,0.01655059250700746
9.77,0.01650727214614062
9.775,0.01646406271131724
9.78,0.01642096392716205
9.785,0.01637797551892702
9.79,0.01633509721248976
9.795,0.01629232873435176
9.8,0.01624966981163678
9.805,0.01620712017208913
9.81,0.01616467954407193
9.815,0.01612234765656559
9.82,0.01608012443279843
9.825,0.01603800950048236
9.83,0.01599600251918663
9.835,0.0159541032210475
9.84,0.01591231133882356
9.845,0.0158706266058941
9.85,0.01582904875625762
9.855,0.01578757752453019
9.86,0.01574621264594396
9.865,0.01570495385634551
9.87,0.01566380089219433
9.875,0.01562275349056122
9.88,0.01558181138912677
9.885,0.01554097432617975
9.89,0.01550024204061552
9.895,0.01545961427193453
9.9,0.01541909076024067
9.905,0.01537867124623979
9.91,0.01533835547123803
9.915,0.01529814317714036
9.92,0.01525803410644888
9.925,0.0152180280022614
9.93,0.01517812460826977
9.935,0.0151383236687583
9.94,0.01509862492860228
9.945,0.0150590281332663
9.95,0.01501953302880281
9.955,0.0149801393618504
9.96,0.01494084687963236
9.965,0.01490165532995508
9.97,0.01486256446120639
9.975,0.01482357402235412
9.98,0.01478468376294444
9.985,0.01474589343310036
9.99,0.01470720278352006
9.995,0.01466861156547547
10,0.01463011953081053
10.005,0.01459172643193977
10.01,0.01455343202184666
10.015,0.01451523605408201
10.02,0.01447713828276254
10.025,0.01443913846256911
10.03,0.01440123634874536
10.035,0.01436343169709597
10.04,0.01432572426398521
10.045,0.01428811380633527
10.05,0.01425060008162478
10.055,0.01421318284788721
10.06,0.01417586186370926
10.065,0.01413863688822936
10.07,0.01410150768113601
10.075,0.01406447400266635
10.08,0.01402753561360442
10.085,0.01399069227527973
10.09,0.01395394374956564
10.095,0.01391728979887775
10.1,0.01388073018617242
10.105,0.01384426467494509
10.11,0.01380789318647471
10.115,0.01377161551373599
10.12,0.01373543126031543
10.125,0.01369934019270716
10.13,0.01366334207795321
10.135,0.013627436683642
10.14,0.0135916237779069
10.145,0.01355590312942486
10.15,0.01352027450741492
10.155,0.01348473768163684
10.16,0.01344929242238958
10.165,0.01341393850050999
10.17,0.01337867568737125
10.175,0.01334350375488155
10.18,0.01330842247548263
10.185,0.01327343162214826
10.19,0.01323853096838297
10.195,0.01320372028822047
10.2,0.01316899935622232
10.205,0.01313436794747644
10.21,0.01309982583759572
10.215,0.01306537280271658
10.22,0.01303100861949749
10.225,0.01299673306511765
10.23,0.01296254591727542
10.235,0.01292844695418702
10.24,0.01289443595458501
10.245,0.01286051269771691
10.25,0.01282667696334371
10.255,0.01279292853173855
10.26,0.01275926718368517
10.265,0.01272569270047654
10.27,0.01269220486391344
10.275,0.01265880345630298
10.28,0.01262548826045722
10.285,0.01259225905969171
10.29,0.0125591156378241
10.295,0.01252605777917262
10.3,0.01249308526855475
10.305,0.01246019789128577
10.31,0.01242739543317725
10.315,0.01239467768053574
10.32,0.01236204442016121
10.325,0.01232949543934576
10.33,0.01229703052587205
10.335,0.012264649468012
10.34,0.01223235205452527
10.345,0.01220013807465784
10.35,0.01216800731814063
10.355,0.012135959575188
10.36,0.01210399463649639
10.365,0.01207211229324284
10.37,0.01204031233708357
10.375,0.01200859456015258
10.38,0.01197695875506016
10.385,0.01194540471489154
10.39,0.01191393223320537
10.395,0.01188254110403237
10.4,0.01185123120432059
10.405,0.01182000251703913
10.41,0.01178885459222242
10.415,0.01175778722666852
10.42,0.0117268002176576
10.425,0.01169589336295071
10.43,0.01166506646078854
10.435,0.01163431930989001
10.44,0.01160365170945112
10.445,0.01157306345914356
10.45,0.01154255435911353
10.455,0.01151212420998032
10.46,0.01148177281283515
10.465,0.01145149996923985
10.47,0.01142130548122551
10.475,0.01139118915129131
10.48,0.0113611507824031
10.485,0.01133119017799226
10.49,0.01130130714195428
10.495,0.0112715014786476
10.5,0.01124177299289219
10.505,0.01121212148996842
10.51,0.01118254677561564
10.515,0.01115304865603095
10.52,0.01112362693786796
10.525,0.0110942814282354
10.53,0.01106501193469594
10.535,0.01103581826526483
10.54,0.01100670022840867
10.545,0.01097765763304409
10.55,0.01094869028853649
10.555,0.01091979800469872
10.56,0.01089098059178982
10.565,0.01086223786051375
10.57,0.01083356962201807
10.575,0.0108049756878927
10.58,0.01077645587016855
10.585,0.01074800998131636
10.59,0.01071963783424532
10.595,0.0106913392423018
10.6,0.01066311401926811
10.605,0.01063496197936115
10.61,0.01060688293723121
10.615,0.01057887670796056
10.62,0.01055094310706232
10.625,0.01052308195047905
10.63,0.01049529305458151
10.635,0.0104675762361674
10.64,0.01043993131246003
10.645,0.01041235810110708
10.65,0.01038485642017926
10.655,0.01035742608816909
10.66,0.01033006692398956
10.665,0.01030277874697288
10.67,0.01027556137686918
10.675,0.01024841463384523
10.68,0.01022133833848315
10.685,0.01019433231177913
10.69,0.01016739637670844
10.695,0.01014053066492922
10.7,0.01011373470966124
10.705,0.01008700833434614
10.71,0.01006035136284884
10.715,0.01003376361945625
10.72,0.01000724492887619
10.725,0.0099807951162362
10.73,0.009954414007082399
10.735,0.009928101427378348
10.74,0.009901857203503854
10.745,0.009875681162253878
10.75,0.009849573130837308
10.755,0.009823532936875877
10.76,0.009797560408402966
10.765,0.009771655373862445
10.77,0.009745817662107564
10.775,0.009720047102399742
10.78,0.009694343524407477
10.785,0.009668706758205116
10.79,0.009643136634271784
10.795,0.009617632983490164
10.8,0.009592195637145371
10.805,0.009566824426923831
10.81,0.009541519184912039
10.815,0.009516279743595511
10.82,0.009491105935857537
10.825,0.009465997594978114
10.83,0.009440954554632701
10.835,0.009415976648891152
10.84,0.009391063712216518
10.845,0.009366215579463877
10.85,0.009341432085879228
10.855,0.009316713067098288
10.86,0.0092920583591454
10.865,0.009267467798432294
10.87,0.009242941221757029
10.875,0.009218478466302754
10.88,0.009194079369636614
10.885,0.009169743769708581
10.89,0.009145471504850273
10.895,0.009121262413773847
10.9,0.009097116335570792
10.905,0.009073033109710844
10.91,0.009049012576040743
10.915,0.009025054574783187
10.92,0.009001158946535562
10.925,0.008977325532268892
10.93,0.008953554173326633
10.935,0.008929844711423501
10.94,0.008906196988644385
10.945,0.008882610847443115
10.95,0.008859086130641384
10.955,0.008835622681427516
10.96,0.008812220343355392
10.965,0.008788878960343249
10.97,0.008765598376672514
10.975,0.008742378436986709
10.98,0.008719218986290224
10.985,0.008696120079745896
10.99,0.008673081434629939
10.995,0.008650102835968213
11,0.008627184130915413
11.005,0.008604325166995183
11.01,0.008581525792099086
11.015,0.00855878585448553
11.02,0.008536105202778789
11.025,0.008513483685967898
11.03,0.008490921153405681
11.035,0.008468417454807652
11.04,0.008445972440251035
11.045,0.008423585960173672
11.05,0.008401257865373032
11.055,0.008378988007005157
11.06,0.008356776236583588
11.065,0.008334622405978402
11.07,0.008312526367415096
11.075,0.008290487973473606
11.08,0.008268507077087241
11.085,0.008246583531541654
11.09,0.008224717190473813
11.095,0.00820290790787093
11.1,0.008181155538069473
11.105,0.008159459935754081
11.11,0.008137820955956564
11.115,0.008116238454054835
11.12,0.0080947122857719
11.125,0.008073242307174789
11.13,0.008051828374673548
11.135,0.008030470345020198
11.14,0.008009168075307662
11.145,0.007987921422968778
11.15,0.007966730245775214
11.155,0.007945594401836486
11.16,0.007924513749598849
11.165,0.007903488147844327
11.17,0.007882517455689627
11.175,0.007861601532585138
11.18,0.007840740238313869
11.185,0.007819933432990403
11.19,0.007799180977059905
11.195,0.007778482731297017
11.2,0.007757838556804893
11.205,0.007737248315014089
11.21,0.007716711867681595
11.215,0.007696229076889755
11.22,0.007675799805045215
11.225,0.007655423914877942
11.23,0.007635101269440127
11.235,0.007614831732105195
11.24,0.007594615166566716
11.245,0.007574451436837434
11.25,0.007554340407248156
11.255,0.007534281942446776
11.26,0.007514275907397209
11.265,0.007494322167378335
11.27,0.00747442058798301
11.275,0.007454571170053537
11.28,0.00743477377989218
11.285,0.007415028167978467
11.29,0.007395334201824538
11.295,0.007375691749264254
11.3,0.007356100678452315
11.305,0.007336560857863317
11.31,0.00731707215629079
11.315,0.007297634442846338
11.32,0.007278247586958633
11.325,0.007258911458372561
11.33,0.007239625927148224
11.335,0.007220390863660066
11.34,0.007201206138595924
11.345,0.007182071622956078
11.35,0.00716298718805237
11.355,0.007143952705507219
11.36,0.007124968047252756
11.365,0.007106033085529825
11.37,0.007087147692887126
11.375,0.007068311742180214
11.38,0.00704952510657064
11.385,0.007030787659524983
11.39,0.007012099274813909
11.395,0.00699345982651129
11.4,0.006974869188993223
11.405,0.006956327236937146
11.41,0.006937833845320871
11.415,0.006919388889421692
11.42,0.006900992244815419
11.425,0.006882643787375486
11.43,0.006864343393272005
11.435,0.006846090938970818
11.44,0.006827886301232614
11.445,0.006809729357111948
11.45,0.006791619983956367
11.455,0.006773558059405428
11.46,0.00675554346138981
11.465,0.006737576068130378
11.47,0.006719655758137218
11.475,0.00670178241020877
11.48,0.006683955903430841
11.485,0.006666176117175723
11.49,0.006648442931101224
11.495,0.006630756225149781
11.5,0.006613115879547484
11.505,0.006595521774803196
11.51,0.006577973791707597
11.515,0.006560471811332243
11.52,0.006543015715028677
11.525,0.006525605384427461
11.53,0.00650824070143728
11.535,0.006490921548243976
11.54,0.00647364780730967
11.545,0.006456419361371774
11.55,0.006439236093442115
11.555,0.006422097886805986
11.56,0.006405004625021193
11.565,0.006387956262579479
11.57,0.00637095279868509
11.575,0.006353993950110265
11.58,0.006337079602141472
11.585,0.006320209640345614
11.59,0.006303383950569185
11.595,0.006286602418937423
11.6,0.006269864931853537
11.605,0.006253171375997828
11.61,0.006236521638326924
11.615,0.006219915606072892
11.62,0.006203353166742484
11.625,0.00618683420811625
11.63,0.006170358618247765
11.635,0.006153926285462779
11.64,0.00613753709835839
11.645,0.00612119094580225
11.65,0.0061048877169317
11.655,0.006088627301152992
11.66,0.006072409588140423
11.665,0.00605623446783555
11.67,0.006040101830446334
11.675,0.006024011566446341
11.68,0.006007963566573915
11.685,0.00599195772183133
11.69,0.005975993923484012
11.695,0.005960072063059667
11.7,0.0059441920323475
11.705,0.005928353723397355
11.71,0.005912557028518927
11.715,0.005896801840280918
11.72,0.005881088051510205
11.725,0.005865415555291052
11.73,0.005849784244964237
11.735,0.005834194014126287
11.74,0.005818644756628593
11.745,0.005803136366576645
11.75,0.005787668738329162
11.755,0.005772241766497301
11.76,0.005756855345943824
11.765,0.005741509371782255
11.77,0.005726203739376098
11.775,0.005710938344337966
11.78,0.005695713082528803
11.785,0.005680527850057028
11.79,0.00566538254327773
11.795,0.005650277058791829
11.8,0.005635211293445274
11.805,0.005620185144328211
11.81,0.005605198508774136
11.815,0.005590251284359123
11.82,0.00557534336890094
11.825,0.005560474660458288
11.83,0.005545645057329919
11.835,0.005530854458053858
11.84,0.005516102761406561
11.845,0.005501389866402082
11.85,0.00548671567229128
11.855,0.005472080089667223
11.86,0.005457483229234552
11.865,0.005442924785520034
11.87,0.00542840465930972
11.875,0.005413922751633862
11.88,0.005399478963766232
11.885,0.005385073197223368
11.89,0.005370705353763843
11.895,0.00535637533538757
11.9,0.005342083044335039
11.905,0.005327828383086627
11.91,0.005313611254361836
11.915,0.005299431561118611
11.92,0.005285289206552563
11.925,0.005271184094096288
11.93,0.005257116127418623
11.935,0.005243085210423908
11.94,0.005229091247251291
11.945,0.005215134142273964
11.95,0.005201213800098479
11.955,0.005187330125563982
11.96,0.00517348302374152
11.965,0.005159672399933301
11.97,0.005145898159671957
11.975,0.005132160208719846
11.98,0.005118458453068297
11.985,0.005104792798936914
11.99,0.005091163152772816
11.995,0.005077569421249947
12,0.005064011511268316
12.005,0.005050489329953306
12.01,0.005037002784654925
12.015,0.005023551782947075
12.02,0.005010136232626855
12.025,0.004996756041713801
12.03,0.004983411118449197
12.035,0.004970101371295306
12.04,0.004956826708934691
12.045,0.004943587040269447
12.05,0.004930382274420505
12.055,0.0049172123207269
12.06,0.004904077088745027
12.065,0.004890976488247944
12.07,0.004877910429224619
12.075,0.004864878821879232
12.08,0.004851881576630419
12.085,0.004838918604110572
12.09,0.004825989815165105
12.095,0.004813095120851713
12.1,0.004800234432439682
12.105,0.004787407661409116
12.11,0.004774614719450259
12.115,0.004761855518462728
12.12,0.004749129970554824
12.125,0.004736437988042774
12.13,0.004723779483450027
12.135,0.004711154369506526
12.14,0.004698562559147961
12.145,0.004686003965515085
12.15,0.004673478667332445
12.155,0.004660986464684579
12.16,0.00464852723453406
12.165,0.004636100891369385
12.17,0.004623707349890718
12.175,0.004611346525009281
12.18,0.004599018331846712
12.185,0.004586722685734399
12.19,0.004574459502212878
12.195,0.004562228697031163
12.2,0.00455003018614613
12.205,0.004537863885721851
12.21,0.004525729712128984
12.215,0.004513627581944121
12.22,0.004501557411949126
12.225,0.00448951911913054
12.23,0.004477512620678904
12.235,0.004465537833988139
12.24,0.004453594676654894
12.245,0.004441683066477926
12.25,0.004429802921457431
12.255,0.004417954159794435
12.26,0.00440613669989014
12.265,0.004394350460345271
12.27,0.004382595359959472
12.275,0.004370871317730624
12.28,0.004359178252854245
12.285,0.004347516084722816
12.29,0.004335884732925177
12.295,0.004324284117245845
12.3,0.004312714157664416
12.305,0.004301174774354905
12.31,0.004289665887685095
12.315,0.004278187418215933
12.32,0.004266739286700847
12.325,0.004255321414085143
12.33,0.004243933721505342
12.335,0.004232576130288558
12.34,0.004221248561951844
12.345,0.004209950938201555
12.35,0.004198683180932723
12.355,0.004187445212228392
12.36,0.004176236954359005
12.365,0.004165058329781742
12.37,0.004153909261139904
12.375,0.004142789671262241
12.38,0.00413169948316235
12.385,0.004120638620038015
12.39,0.004109607005270553
12.395,0.004098604562424214
12.4,0.004087631215245498
12.405,0.004076686887662558
12.41,0.004065771503784512
12.415,0.004054884987900859
12.42,0.004044027264480787
12.425,0.004033198258172569
12.43,0.004022397893802918
12.435,0.00401162609637632
12.44,0.004000882947494508
12.445,0.003990168348814739
12.45,0.003979482113441822
12.455,0.003968824167805187
12.46,0.003958194438522748
12.465,0.003947592852400369
12.47,0.003937019336431325
12.475,0.003926473817795809
12.48,0.003915956223860382
12.485,0.003905466482177474
12.49,0.003895004520484832
12.495,0.003884570266705035
12.5,0.003874163648944929
12.505,0.003863784595495137
12.51,0.003853433034829527
12.515,0.003843108895604671
12.52,0.003832812106659355
12.525,0.003822542597014021
12.53,0.003812300295870277
12.535,0.003802085132610343
12.54,0.003791897036796559
12.545,0.00378173593817083
12.55,0.003771601766654132
12.555,0.003761494452345975
12.56,0.00375141392552387
12.565,0.003741360116642833
12.57,0.003731332956334832
12.575,0.003721332375408294
12.58,0.003711358304847548
12.585,0.003701410675812336
12.59,0.003691489419637274
12.595,0.003681594467831317
12.6,0.003671725752077264
12.605,0.003661883204231206
12.61,0.003652066756322029
12.615,0.003642276340550868
12.62,0.003632511889290607
12.625,0.003622773335085329
12.63,0.003613060610649822
12.635,0.003603373648869039
12.64,0.003593712382797568
12.645,0.003584076745659134
12.65,0.003574466670846047
12.655,0.003564882091918707
12.66,0.003555322942605054
12.665,0.003545789156800071
12.67,0.003536280668565237
12.675,0.003526797412128021
12.68,0.00351733932188136
12.685,0.003507906332383114
12.69,0.003498498378355573
12.695,0.003489115394684908
12.7,0.003479757316420673
12.705,0.003470424078775255
12.71,0.003461115617123373
12.715,0.003451831867001547
12.72,0.003442572764107569
12.725,0.003433338244299994
12.73,0.003424128243597598
12.735,0.003414942698178881
12.74,0.00340578154438151
12.745,0.003396644718701837
12.75,0.003387532157794331
12.755,0.003378443798471097
12.76,0.00336937957770133
12.765,0.003360339432610785
12.77,0.00335132330048128
12.775,0.003342331118750146
12.78,0.003333362825009731
12.785,0.003324418357006844
12.79,0.003315497652642269
12.795,0.003306600649970207
12.8,0.003297727287197781
12.805,0.003288877502684502
12.81,0.003280051234941734
12.815,0.003271248422632198
12.82,0.003262469004569419
12.825,0.003253712919717231
12.83,0.003244980107189229
12.835,0.003236270506248268
12.84,0.003227584056305926
12.845,0.00321892069692198
12.85,0.003210280367803899
12.855,0.003201663008806297
12.86,0.003193068559930436
12.865,0.003184496961323678
12.87,0.003175948153278988
12.875,0.00316742207623438
12.88,0.003158918670772426
12.885,0.003150437877619716
12.89,0.003141979637646329
12.895,0.003133543891865328
12.9,0.003125130581432219
12.905,0.003116739647644447
12.91,0.00310837103194085
12.915,0.003100024675901162
12.92,0.003091700521245463
12.925,0.003083398509833679
12.93,0.003075118583665053
12.935,0.003066860684877603
12.94,0.003058624755747636
12.945,0.003050410738689183
12.95,0.003042218576253513
12.955,0.003034048211128583
12.96,0.003025899586138535
12.965,0.00301777264424316
12.97,0.003009667328537377
12.975,0.003001583582250715
12.98,0.002993521348746785
12.985,0.002985480571522764
12.99,0.00297746119420886
12.995,0.002969463160567805
13,0.002961486414494314
13.005,0.002953530900014577
13.01,0.002945596561285734
13.015,0.002937683342595339
13.02,0.002929791191348315
13.025,0.002921920078779726
13.03,0.002914069921328807
13.035,0.002906240663833606
13.04,0.00289843225126045
13.045,0.002890644628703398
13.05,0.002882877741383745
13.055,0.002875131534649488
13.06,0.002867405953974802
13.065,0.002859700944959538
13.07,0.002852016453328681
13.075,0.002844352424931852
13.08,0.002836708805742761
13.085,0.002829085541858714
13.09,0.00282148257950008
13.095,0.002813899865009764
13.1,0.002806337344852704
13.105,0.002798794965615329
13.11,0.002791272674005066
13.115,0.002783770416849791
13.12,0.002776288141097333
13.125,0.002768825793814935
13.13,0.002761383322188748
13.135,0.002753960673523307
13.14,0.002746557795240999
13.145,0.002739174634881564
13.15,0.002731811140101556
13.155,0.002724467258673834
13.16,0.002717142938487035
13.165,0.002709838127545063
13.17,0.002702552773966552
13.175,0.002695286825984367
13.18,0.002688040231945072
13.185,0.002680812940308403
13.19,0.002673604899646769
13.195,0.002666416058644703
13.2,0.002659246366098374
13.205,0.002652095770915037
13.21,0.002644964222112533
13.215,0.002637851668818765
13.22,0.002630758060271164
13.225,0.002623683345816193
13.23,0.0026166274749088
13.235,0.002609590397111926
13.24,0.002602572062095955
13.245,0.002595572419638221
13.25,0.002588591419622468
13.255,0.002581629012038341
13.26,0.002574685146980866
13.265,0.002567759774649916
13.27,0.002560852845349713
13.275,0.002553964309488284
13.28,0.002547094117576963
13.285,0.002540242220229852
13.29,0.002533408568163317
13.295,0.002526593112195452
13.3,0.002519795803245573
13.305,0.002513016592333692
13.31,0.00250625543057999
13.315,0.002499512269204312
13.32,0.002492787059525627
13.325,0.002486079752961533
13.33,0.002479390301027708
13.335,0.002472718655337416
13.34,0.002466064767600972
13.345,0.00245942858962522
13.35,0.002452810073313027
13.355,0.002446209170662743
13.36,0.002439625833767705
13.365,0.002433060014815689
13.37,0.002426511666088417
13.375,0.002419980739961011
13.38,0.002413467188901498
13.385,0.002406970965470276
13.39,0.002400492022319585
13.395,0.002394030312193009
13.4,0.002387585787924937
13.405,0.002381158402440056
13.41,0.002374748108752816
13.415,0.002368354859966928
13.42,0.002361978609274827
13.425,0.002355619309957165
13.43,0.002349276915382282
13.435,0.002342951379005684
13.44,0.00233664265436954
13.445,0.002330350695102134
13.45,0.002324075454917376
13.455,0.002317816887614251
13.46,0.002311574947076324
13.465,0.00230534958727121
13.47,0.002299140762250043
13.475,0.00229294842614698
13.48,0.002286772533178655
13.485,0.002280613037643682
13.49,0.002274469893922111
13.495,0.002268343056474934
13.5,0.002262232479843538
13.505,0.002256138118649211
13.51,0.002250059927592602
13.515,0.002243997861453205
13.52,0.00223795187508885
13.525,0.002231921923435164
13.53,0.002225907961505073
13.535,0.002219909944388259
13.54,0.002213927827250659
13.545,0.002207962284746693
13.55,0.002202014634012006
13.555,0.002196082864039726
13.56,0.002190166932716656
13.565,0.00218426679803165
13.57,0.002178382418075217
13.575,0.002172513751039177
13.58,0.002166660755216261
13.585,0.002160823388999766
13.59,0.002155001610883167
13.595,0.002149195379459744
13.6,0.002143404653422227
13.605,0.002137629391562404
13.61,0.002131869552770766
13.615,0.002126125096036123
13.62,0.002120395980445246
13.625,0.00211468216518248
13.63,0.002108983609529383
13.635,0.002103300272864358
13.64,0.002097632114662264
13.645,0.002091979094494065
13.65,0.002086341172026443
13.655,0.002080718307021439
13.66,0.002075110459336069
13.665,0.002069517588921964
13.67,0.002063939655824991
13.675,0.002058376620184882
13.68,0.002052828442234871
13.685,0.002047295082301307
13.69,0.0020417765008033
13.695,0.002036272658252332
13.7,0.002030783515251901
13.705,0.002025309032497142
13.71,0.002019849170774451
13.715,0.00201440389096113
13.72,0.00200897315402499
13.725,0.002003556921024007
13.73,0.001998155153105928
13.735,0.001992767811507916
13.74,0.001987394857556163
13.745,0.001982036252665539
13.75,0.001976691958339194
13.755,0.001971361936168211
13.76,0.001966046147831224
13.765,0.001960744555094041
13.77,0.001955457119809285
13.775,0.00195018380391601
13.78,0.001944924569439341
13.785,0.001939679378490091
13.79,0.001934448193264403
13.795,0.001929230976043362
13.8,0.001924027689192638
13.805,0.001918838295162112
13.81,0.001913662756485492
13.815,0.001908501035779961
13.82,0.001903353095745786
13.825,0.001898218899165966
13.83,0.001893098408905841
13.835,0.001887991587912735
13.84,0.001882898399215582
13.845,0.001877818805924544
13.85,0.001872752771230656
13.855,0.001867700258405439
13.86,0.001862661230800541
13.865,0.001857635651847355
13.87,0.001852623485056659
13.875,0.00184762469401823
13.88,0.001842639242400485
13.885,0.001837667093950109
13.89,0.001832708212491669
13.895,0.001827762561927265
13.9,0.001822830106236135
13.905,0.001817910809474306
13.91,0.0018130046357742
13.915,0.001808111549344286
13.92,0.001803231514468687
13.925,0.001798364495506823
13.93,0.001793510456893035
13.935,0.001788669363136208
13.94,0.001783841178819411
13.945,0.001779025868599512
13.95,0.001774223397206823
13.955,0.001769433729444707
13.96,0.00176465683018923
13.965,0.001759892664388772
13.97,0.001755141197063661
13.975,0.001750402393305807
13.98,0.001745676218278319
13.985,0.001740962637215146
13.99,0.001736261615420694
13.995,0.001731573118269467
14,0.001726897111205682
14.005,0.001722233559742906
14.01,0.001717582429463688
14.015,0.001712943686019171
14.02,0.001708317295128744
14.025,0.001703703222579648
14.03,0.001699101434226622
14.035,0.001694511895991518
14.04,0.001689934573862941
14.045,0.001685370314515782
14.05,0.00168081902654485
14.055,0.001676279922716663
14.06,0.001671752970716907
14.065,0.001667238138312219
14.07,0.001662735393349878
14.075,0.001658244703757524
14.08,0.001653766037542857
14.085,0.00164929936279335
14.09,0.001644844647675957
14.095,0.001640401860436812
14.1,0.001635970969400949
14.105,0.001631551942971995
14.11,0.001627144749631894
14.115,0.001622749357940597
14.12,0.001618365736535785
14.125,0.001613993854132564
14.13,0.001609633679523181
14.135,0.001605285181576727
14.14,0.001600948329238844
14.145,0.001596623091531439
14.15,0.001592309437552378
14.155,0.001588007336475209
14.16,0.001583716757548859
14.165,0.001579437670097345
14.17,0.00157517004351948
14.175,0.001570913847288582
14.18,0.001566669050952184
14.185,0.00156243562413173
14.19,0.001558213536522299
14.195,0.001554002757892297
14.2,0.001549803258083178
14.205,0.001545615007009138
14.21,0.001541437974656833
14.215,0.001537272131085085
14.22,0.001533117446424577
14.225,0.001528973890877584
14.23,0.001524841434717654
14.235,0.001520720048289336
14.24,0.001516609702007876
14.245,0.00151251036635893
14.25,0.001508422011898266
14.255,0.001504344609251478
14.26,0.00150027812911369
14.265,0.00149622254224926
14.27,0.001492177819491495
14.275,0.00148814393174235
14.28,0.001484120849972145
14.285,0.00148010854521926
14.29,0.001476106988589858
14.295,0.001472116151257575
14.3,0.001468136004463242
14.305,0.001464166519514587
14.31,0.001460207667785937
14.315,0.001456259420717937
14.32,0.001452321749817244
14.325,0.001448394626656247
14.33,0.001444478022872765
14.335,0.001440571910169758
14.34,0.00143667626031504
14.345,0.001432791045140971
14.35,0.001428916236544185
14.355,0.001425051806485276
14.36,0.001421197726988526
14.365,0.001417353970141594
14.37,0.001413520508095238
14.375,0.001409697313063013
14.38,0.001405884357320981
14.385,0.001402081613207422
14.39,0.001398289053122536
14.395,0.001394506649528155
14.4,0.001390734374947443
14.405,0.001386972201964616
14.41,0.001383220103224636
14.415,0.001379478051432929
14.42,0.001375746019355082
14.425,0.001372023979816561
14.43,0.001368311905702415
14.435,0.001364609769956975
14.44,0.001360917545583575
14.445,0.001357235205644249
14.45,0.001353562723259446
14.455,0.001349900071607727
14.46,0.001346247223925486
14.465,0.001342604153506647
14.47,0.001338970833702374
14.475,0.001335347237920782
14.48,0.001331733339626637
14.485,0.001328129112341075
14.49,0.001324534529641294
14.495,0.001320949565160277
14.5,0.001317374192586487
14.505,0.001313808385663582
14.51,0.001310252118190122
14.515,0.001306705364019268
14.52,0.001303168097058503
14.525,0.001299640291269327
14.53,0.001296121920666972
14.535,0.001292612959320105
14.54,0.001289113381350541
14.545,0.001285623948597812
14.55,0.001282144077483206
14.555,0.001278673553884906
14.56,0.001275212352985156
14.565,0.001271760450027328
14.57,0.001268317820315657
14.575,0.001264884439215013
14.58,0.001261460282150639
14.585,0.00125804532460791
14.59,0.001254639542132089
14.595,0.00125124291032807
14.6,0.001247855404860142
14.605,0.001244477001451733
14.61,0.001241107675885171
14.615,0.001237747404001428
14.62,0.00123439616169988
14.625,0.001231053924938056
14.63,0.001227720669731393
14.635,0.001224396372152988
14.64,0.001221081008333348
14.645,0.00121777455446015
14.65,0.001214476986777985
14.655,0.001211188281588121
14.66,0.001207908415248242
14.665,0.001204637364172217
14.67,0.001201375104829839
14.675,0.001198121613746588
14.68,0.001194876867503377
14.685,0.001191640842736308
14.69,0.001188413516136425
14.695,0.001185194864449464
14.7,0.001181984864475612
14.705,0.001178783493069249
14.71,0.001175590727138716
14.715,0.001172406543646054
14.72,0.001169230919606763
14.725,0.001166063832089556
14.73,0.001162905258216107
14.735,0.001159755175160813
14.74,0.001156613560150533
14.745,0.001153480390464354
14.75,0.001150355643433336
14.755,0.001147239296440269
14.76,0.001144131326919424
14.765,0.001141031712356303
14.77,0.0011379404302874
14.775,0.001134857458299944
14.78,0.00113178277403166
14.785,0.001128716355170516
14.79,0.001125658179454481
14.795,0.001122608224671271
14.8,0.00111956646865811
14.805,0.001116532889301477
14.81,0.001113507464536861
14.815,0.001110490172348515
14.82,0.001107480990769204
14.825,0.001104479897879964
14.83,0.001101486871809851
14.835,0.001098501890735695
14.84,0.001095524932881855
14.845,0.001092555976519965
14.85,0.001089594999968698
14.855,0.001086641981593505
14.86,0.001083696899806381
14.865,0.001080759733065609
14.87,0.001077830459875518
14.875,0.00107490905878623
14.88,0.001071995508393423
14.885,0.001069089787338071
14.89,0.001066191874306207
14.895,0.001063301748028672
14.9,0.001060419387280865
14.905,0.001057544770882505
14.91,0.00105467787769737
14.915,0.001051818686633064
14.92,0.001048967176640759
14.925,0.001046123326714956
14.93,0.001043287115893233
14.935,0.001040458523255995
14.94,0.001037637527926238
14.945,0.001034824109069288
14.95,0.001032018245892567
14.955,0.001029219917645332
14.96,0.001026429103618441
14.965,0.001023645783144098
14.97,0.001020869935595608
14.975,0.001018101540387132
14.98,0.001015340576973433
14.985,0.001012587024849637
14.99,0.001009840863550982
14.995,0.001007102072652571
15,0.001004370631769124
15,0.001004370631769124
